gov_supervisory_oversight_supervisory_operating_layer,sftysupervisoryos.com
gov_supervisory_oversight_risk_based_supervision,riskbasedsfty.com
gov_supervisory_oversight_vasp_oversight,vaspoversightsfty.com
gov_travel_rule_and_transaction_monitoring_suspicious_activity,suspiciousassetflow.com
gov_travel_rule_and_transaction_monitoring_ivms101_message_review,ivms101review.com
gov_travel_rule_and_transaction_monitoring_cross_border_flows,crossborderflowsfty.com
gov_fiu_aml_intelligence_digital_asset_intelligence,assetintelhub.com
gov_fiu_aml_intelligence_suspicious_transaction_reporting,fiureportinghub.com
gov_fiu_aml_intelligence_goaml_integration,goamlcrypto.com
gov_aml_fiu_infrastructure_investigation_workflows,fiuinvestigation.com
gov_aml_fiu_infrastructure_aml_authority_oversight,amlauthorityos.com
gov_aml_fiu_infrastructure_reporting_pipeline,fiupipeline.com
gov_emerging_asset_supervision_tokenized_assets_supervision,tokenoversight.com
gov_emerging_asset_supervision_stablecoin_supervision,stablecoinoversight.com
gov_emerging_asset_supervision_rwa_market_supervision,rwasupervision.com
gov_central_bank_and_financial_authority_oversight_crypto_banking,cryptobankingoversight.com
gov_central_bank_and_financial_authority_oversight_systemic_risk,systemiccryptorisk.com
gov_central_bank_and_financial_authority_oversight_digital_asset_supervisory_visibility,digitalassetvisibility.com
gov_regulatory_framework_alignment_fatf_compliance,fatfcryptocompliance.com
gov_regulatory_framework_alignment_mica_requirements,micacrypto.com
gov_regulatory_framework_alignment_cross_border_regulation,crossbordercryptorules.com
gov_sovereign_infrastructure_and_procurement_procurement_safe_design,safeprocurementsfty.com
gov_sovereign_infrastructure_and_procurement_data_sovereignty,datasovereigntysfty.com
gov_sovereign_infrastructure_and_procurement_no_vendor_lock_in,novendorlocksfty.com
gov_institutional_transformation_regulatory_modernization,regmodernization.com
gov_institutional_transformation_national_crypto_strategy,nationalcryptostrategy.com
gov_institutional_transformation_supervisory_transformation,supervisorytransformation.com
gov_trust_core_and_authority_supervisory_operating_layer,sftygovlayer.com
gov_trust_core_and_authority_procurement_confidence,procurementsfty.com
gov_trust_core_and_authority_architecture_explained,sftyarchitecture.com
biz_travel_rule_operations_provider_integration_travel_rule_provider_orchestration,travelruleorchestration.com
biz_travel_rule_operations_ivms101_data_exchange_ivms101_audit_evidence,ivms101evidence.com
biz_travel_rule_operations_cross_border_transfers_cross_border_travel_rule_workflow,crossbordertravelrule.com
biz_travel_rule_operations_protocol_hub_multi_provider_travel_rule_hub,travelrulehubplus.com
biz_travel_rule_operations_exception_handling_exception_workflow_for_vasps,travelruleexceptions.com
biz_travel_rule_operations_failed_messages_failed_travel_rule_messages,failedtravelrule.com
biz_travel_rule_operations_protocol_hub_stablecoin_travel_rule_hub,stablecointravelrule.com
biz_kyt_transaction_monitoring_suspicious_activity_suspicious_activity_monitoring_for_vasps,vaspsuspiciousactivity.com
biz_kyt_transaction_monitoring_alert_triage_alert_triage_automation,kytalerttriage.com
biz_kyt_transaction_monitoring_blockchain_analytics_workflow_blockchain_analytics_integration,blockchainanalyticsflow.com
biz_kyt_transaction_monitoring_source_of_funds_source_of_funds_for_vasps,sourceoffundsvasp.com
biz_kyt_transaction_monitoring_transaction_screening_real_time_transaction_screening,realtimetransactionscreen.com
biz_kyt_transaction_monitoring_false_positives_alert_noise_reduction,alertnoisereduction.com
biz_kyt_transaction_monitoring_sanctions_exposure_high_risk_sanctions_exposure,sanctionsexposure.com
biz_kyc_kyb_onboarding_ubo_review_beneficial_ownership_review,uboreviewhub.com
biz_kyc_kyb_onboarding_onboarding_audit_trail_onboarding_decision_logs,onboardinglogs.com
biz_kyc_kyb_onboarding_corporate_onboarding_high_risk_corporate_onboarding,corporateonboardinghub.com
biz_kyc_kyb_onboarding_identity_verification_identity_provider_orchestration,identityorchestration.com
biz_kyc_kyb_onboarding_risk_based_routing_risk_based_onboarding_routing,riskbasedonboarding.com
biz_kyc_kyb_onboarding_customer_onboarding_vasp_customer_onboarding,vasponboarding.com
biz_kyc_kyb_onboarding_ongoing_monitoring_ongoing_kyb_monitoring,ongoingkyb.com
biz_aml_compliance_operations_audit_preparation_compliance_evidence_package,evidencepackagehub.com
biz_aml_compliance_operations_sanctions_screening_crypto_sanctions_screening,cryptosanctionsscreening.com
biz_aml_compliance_operations_aml_case_escalation_mlro_escalation_workflow,mlroescalation.com
biz_aml_compliance_operations_sar_str_drafting_vasp_sar_workflow,vaspsarworkflow.com
biz_aml_compliance_operations_enhanced_due_diligence_vasp_edd,vaspedd.com
biz_aml_compliance_operations_regulatory_inspection_regulatory_inspection_readiness,inspectionreadiness.com
biz_aml_compliance_operations_internal_reporting_mlro_reporting_dashboard,mlroreporting.com
biz_provider_fragmentation_multiple_dashboards_dashboard_consolidation,dashboardconsolidation.com
biz_provider_fragmentation_fragmented_risk_profile_customer_360_risk_view,customer360risk.com
biz_provider_fragmentation_disconnected_checks_check_to_decision_gap,checktodecision.com
biz_provider_fragmentation_vendor_chaos_compliance_vendor_chaos,compliancevendorchaos.com
biz_provider_fragmentation_unified_control_layer_compliance_operating_layer,complianceoperatinglayer.com
biz_provider_fragmentation_manual_handoffs_manual_review_bottlenecks,manualreviewbottlenecks.com
biz_provider_fragmentation_vendor_chaos_too_many_compliance_vendors,manycompliancevendors.com
biz_provider_orchestration_kyc_provider_kyc_provider_orchestration,kycorchestration.com
biz_provider_orchestration_travel_rule_provider_hub_travel_rule_provider_hub,travelruleproviderhub.com
biz_provider_orchestration_vendor_neutral_platform_no_vendor_lock_in,novendorlockcompliance.com
biz_provider_orchestration_kyt_provider_kyt_provider_integration_layer,kytintegrationlayer.com
biz_provider_orchestration_blockchain_analytics_workflow_multi_provider_analytics_strategy,multiprovideranalytics.com
biz_provider_orchestration_sanctions_adverse_media_screening_provider_orchestration,screeningorchestration.com
biz_provider_orchestration_vendor_neutral_platform_vendor_neutral_compliance_platform,vendorneutralcompliance.com
biz_compliance_workflow_automation_risk_based_approval_high_risk_manual_review,highriskmanualreview.com
biz_compliance_workflow_automation_rules_engine_compliance_rules_engine,compliancerulesengine.com
biz_compliance_workflow_automation_management_dashboards_compliance_management_dashboard,compliancedashboard.com
biz_compliance_workflow_automation_evidence_collection_evidence_package_builder,evidencepackagebuilder.com
biz_compliance_workflow_automation_case_creation_alert_to_case_creation,alerttocase.com
biz_compliance_workflow_automation_decision_logs_audit_ready_decision_logs,auditdecisionlogs.com
biz_compliance_workflow_automation_ai_assisted_review_ai_alert_triage,aialerttriage.com
biz_executive_risk_control_audit_defensibility_audit_defensibility_for_executives,auditdefensibility.com
biz_executive_risk_control_regulatory_readiness_vasp_regulatory_readiness,vaspreadiness.com
biz_executive_risk_control_board_visibility_executive_compliance_visibility,executivecomplianceview.com
biz_executive_risk_control_compliance_cost_control_compliance_cost_reduction,compliancecostcontrol.com
biz_executive_risk_control_enterprise_control_layer_enterprise_compliance_control_layer,enterprisecompliancelayer.com
biz_executive_risk_control_scaling_without_chaos_scaling_compliance_without_chaos,scalablecompliance.com
biz_executive_risk_control_bank_due_diligence_vasp_bank_due_diligence,vaspbankduediligence.com
biz_jurisdiction_specific_compliance_hong_kong_vasp_hong_kong_vasp_compliance,hongkongvasp.com
biz_jurisdiction_specific_compliance_vara_compliance_vara_vasp_compliance,varavaspcompliance.com
biz_jurisdiction_specific_compliance_mica_readiness_mica_casp_readiness,micacaspreadiness.com
biz_jurisdiction_specific_compliance_fatf_travel_rule_fatf_travel_rule_readiness,fatftravelrule.com
biz_jurisdiction_specific_compliance_cross_border_policy_multi_jurisdiction_compliance,multijurisdictioncompliance.com
biz_jurisdiction_specific_compliance_adgm_compliance_adgm_vasp_compliance,adgmvaspcompliance.com
biz_jurisdiction_specific_compliance_singapore_crypto_singapore_travel_rule_readiness,singaporetravelrule.com
biz_institutional_trust_enterprise_readiness_procurement_safe_model_procurement_due_diligence,procurementduediligence.com
biz_institutional_trust_enterprise_readiness_private_cloud_private_cloud_enterprise_readiness,privatecloudcompliance.com
biz_institutional_trust_enterprise_readiness_audit_logs_enterprise_audit_logging,enterpriseauditlogging.com
biz_institutional_trust_enterprise_readiness_enterprise_integration_enterprise_compliance_integration,enterprisecomplianceintegration.com
biz_institutional_trust_enterprise_readiness_role_based_access_role_based_access_control,rolebasedaccesscontrol.com
biz_institutional_trust_enterprise_readiness_data_retention_evidence_retention,evidenceretention.com
biz_institutional_trust_enterprise_readiness_on_premise_deployment_on_premise_deployment_readiness,onpremisedeployment.com